Nome,Altezza,Peso,IMC
Maria,167,54,0.00194
Ana,197,100,0.00258
Mark,182,80,0.00242
